{"cameraMode":{"drawMode":0,"name":"Shaded","section":"Shading Mode"},"sceneLighting":true,"audioPlay":false,"sceneViewState":{"m_AlwaysRefresh":false,"showFog":true,"showSkybox":true,"showFlares":true,"showImageEffects":true,"showParticleSystems":true,"showVisualEffectGraphs":true,"m_FxEnabled":true},"in2DMode":false,"pivot":{"x":-76.52739715576172,"y":93.42384338378906,"z":-132.14735412597657},"rotation":{"x":-0.31864216923713686,"y":-0.011654878966510296,"z":0.0038731105159968139,"w":-0.947830855846405},"size":12.12435531616211,"orthographic":false}