{"cameraMode":{"drawMode":0,"name":"Shaded","section":"Shading Mode"},"sceneLighting":true,"audioPlay":false,"sceneViewState":{"m_AlwaysRefresh":false,"showFog":true,"showSkybox":true,"showFlares":true,"showImageEffects":true,"showParticleSystems":true,"showVisualEffectGraphs":true,"m_FxEnabled":true},"in2DMode":false,"pivot":{"x":299.04766845703127,"y":125.4992904663086,"z":-577.2702026367188},"rotation":{"x":0.07988633215427399,"y":-0.3428581655025482,"z":-0.029298657551407815,"w":-0.9355595111846924},"size":12.124360084533692,"orthographic":false}